Nom du client,DÃ©tails du client,Date,Ã‰toiles,Texte,Type de service,Type de repas,Prix par personne,Note de la cuisine,Note du service,Note de l'ambiance,Plats recommandÃ©s
Lidia depuis Google Maps,Local Guide Â· 106 avis Â· 285 photos,il y a 4 semaines,4,"Ils ont mis du temps Ã  servir mÃªme s'il n'y avait personne au moment oÃ¹ je suis allÃ© dÃ®ner.
Mais la pizza est trÃ¨s bonne et s'ils ajoutaient plus d'ingrÃ©dients au lieu d'autant de pÃ¢te, ce serait encore mieux.
L'attitude du personnel pourrait Ãªtre amÃ©liorÃ©e",Repas sur place,DÃ®ner,10â€“20 â‚¬,5,3,4,
Sofi a depuis Google Maps,Local Guide Â· 7 avis Â· 7 photos,il y a 2 mois,5,"Bel endroit, ils sont trÃ¨s sympathiques et le service est rapide. Les pizzas sont dÃ©licieuses, ce sont les plus amÃ©ricaines d'Espagne. En plus, ils ont toujours de bonnes offres. Dommage que je n'habite pas Ã  proximitÃ©, sinon j'y irais beaucoup plus souvent, mais chaque fois que je suis dans le coin, je profite de n'importe quelle excuse pour aller manger une pizza ici.",Repas sur place,DÃ®ner,1â€“10 â‚¬,5,5,5,"Pizza Mediana, Refrescos, Pan de Ajo, Patatas, Queso, 2 Pizzas, Pizza Individual"
David Ribas Soley depuis Google Maps,Local Guide Â· 67 avis Â· 47 photos,il y a 2 mois,5,"Le personnel est trÃ¨s sympathique, ils prennent toujours bien soin de nous. Si vous aimez les vraies pizzas amÃ©ricaines, vous devez essayer Pizza Hut's.",Repas sur place,DÃ®ner,1â€“10 â‚¬,5,5,5,2 Pizzas
jota Grupeli depuis Google Maps,27 avis Â· 46 photos,il y a 6 mois,1,"Plus que de la colÃ¨re, cela me rend triste.
Je vis dans ce quartier depuis des annÃ©es et malheureusement, les meilleures pizzas sont passÃ©es aux pires et aux plus chÃ¨res.

Ce sera la derniÃ¨re fois que je viendrai. Les derniÃ¨res fois oÃ¹ j'ai dÃ®nÃ© ici, les pizzas sont devenues de moins en moins garnies et le bord a plus de deux doigts. Et Ã©videmment en payant la mÃªme chose.
Je suis parti affamÃ© et dÃ©sireux de ne jamais revenir. Je l'ai recommandÃ© avant... pas maintenant",Repas sur place,DÃ®ner,10â€“20 â‚¬,1,3,2,
Dolores LÃ³pez Camacho depuis Google Maps,23 avis,il y a 2 semaines,5,"La pizza est trÃ¨s bonne et trÃ¨s amÃ©ricaine. Une saveur qui me rappelle celles qu'ils faisaient dans les annÃ©es 90. Le personnel est trÃ¨s sympathique, notamment Sonia qui nous a proposÃ© et conseillÃ© avec beaucoup de sympathie.  L'endroit est cosy et trÃ¨s beau.  Beaucoup de bruit, oui... normal dans une pizzeria en Espagne, je suppose.",Repas sur place,DÃ®ner,10â€“20 â‚¬,5,5,4,
Jonathan Blanco GÃ¡lvez depuis Google Maps,Local Guide Â· 52 avis Â· 3 photos,il y a 2 mois,1,"J'ai passÃ© une commande de deux pizzas et cela a pris plus d'une heure et demie. De plus, la commande Ã©tait incomplÃ¨te. J'appelle au tÃ©lÃ©phone et je reÃ§ois une attention terrible et ils finissent par raccrocher. Je n'achÃ¨terai plus jamais dans ce magasin. DÃ©sastre absolu.",,,,1,1,1,
DJMIX YOVANNY depuis Google Maps,Local Guide Â· 11 avis Â· 11 photos,il y a 6 mois,1,Le directeur nous a mal traitÃ©s et nous avons appelÃ© la police parce qu'elle voulait nous donner des formulaires de plainte.  Extincteurs pÃ©rimÃ©s. TrÃ¨s bien.,,,,1,1,1,
miguel angel sanchez delgado depuis Google Maps,Local Guide Â· 52 avis Â· 8 photos,il y a 2 semaines,5,"Excellent service, un lieu de partage et de plaisir, 100% conseillÃ©.",,,,5,5,5,
Andrei Gabriel Aghiuta depuis Google Maps,2 avis,il y a 4 jours,5,Une dÃ©licieuse pizza accompagnÃ©e d'un personnel aux petits soins pour vous. Une expÃ©rience hautement recommandÃ©e.,Repas sur place,DÃ®ner,10â€“20 â‚¬,5,5,5,
Ruth Oriola Colino depuis Google Maps,Local Guide Â· 19 avis Â· 5 photos,il y a un mois,2,"Hier soir, nous Ã©tions sur place et l'expÃ©rience a Ã©tÃ© douloureuse, aprÃ¨s avoir attendu une heure pour une pizza, lorsque j'ai rÃ©clamÃ© la commande deux fois, voyant que le reste des clients arrivÃ©s plus tard avaient dÃ©jÃ  leur commande, ils nous ont donnÃ© une pizza qui n'Ã©tait pas C'Ã©tait la nÃ´tre, je me plains Ã  la caissiÃ¨re et elle devient arrogante, ce n'est que lorsque je lui ai demandÃ© le formulaire de plainte qu'elle s'est Ã  moitiÃ© excusÃ©e, enfin, dommage.",Repas sur place,DÃ®ner,10â€“20 â‚¬,4,1,1,
Liz Marlene Romero cantero depuis Google Maps,2 avis Â· 1 photo,il y a 2 mois,1,"Cette pÃ¢te, je la demande toujours mais derniÃ¨rement je ne sais pas. Allez, cette pÃ¢te est crue, quelle dÃ©ception ğŸ¥² â€¦",,,,,,,
Giordano Bruno depuis Google Maps,Local Guide Â· 112 avis Â· 119 photos,il y a 4 mois,3,"Outre le fait qu'Ã  Madrid il n'y a pratiquement pas d'Ã©tablissements de cette marque, les horaires sont extrÃªmement Ã©tranges. Comme dans d'autres Ã©tablissements alimentaires de ce type, les horaires sont amÃ©nagÃ©s, je pense, pour Ã©conomiser du personnel. Ils ouvrent Ã  10h00. et ils ferment Ã  13h00. puis l'aprÃ¨s-midi Ã  18h00. Ã  01h00 (dans d'autres chaÃ®nes l'horaire est restreint Ã  la livraison) Allez, l'horaire fractionnÃ© habituel : mais dans une chaÃ®ne de pizzeria !!!

C'est la deuxiÃ¨me fois que je mange des pizzas de cette marque, et la premiÃ¨re fois, c'Ã©tait il y a de nombreuses annÃ©es, car comme je le dis, il n'y a pas beaucoup de magasins, et j'en avais un autre souvenir, celui des pizzas. La base est une pÃ¢te qui passe sans douleur ni gloire, et les ingrÃ©dients (les mÃªmes que je commande toujours dans d'autres chaÃ®nes) sont trÃ¨s diffÃ©rents les uns des autres.

Je pense que c'est la pire note que je donne aprÃ¨s avoir utilisÃ© les services, comme je le dis, deux fois dans ma vie, et je crois Ã  un pourcentage trÃ¨s Ã©levÃ© que ce sera la derniÃ¨re fois.

Une peine.",Ã€ emporter,DÃ©jeuner,20â€“30 â‚¬,2,4,1,Patatas
EstefanÃ­a SÃ¡nchez depuis Google Maps,Local Guide Â· 59 avis Â· 27 photos,il y a un an,5,"Les pizzas et pains Ã  l'ail sont incroyables, ils conservent la qualitÃ© des annÃ©es 90, sÃ©rieusement. Mais ce n'est pas le meilleur, la fille qui prend les commandes et gÃ¨re le magasin, Sonia, est spectaculaire, le magasin respire la lumiÃ¨re et la bonne ambiance, elle me fait toujours sourire !!!",,DÃ©jeuner,20â€“30 â‚¬,5,5,5,
Claudia Serafim depuis Google Maps,Local Guide Â· 168 avis Â· 585 photos,il y a 2 ans,2,"Je suis fan de PizzaHut depuis longtemps et malheureusement, ils sont peu nombreux Ã  Madrid. Malheureusement aussi, j'ai perÃ§u que la pÃ¢te varie selon les restaurants. Et cette fois-ci, la pÃ¢te Ã©tait trop cuite et nâ€™Ã©tait ni spongieuse ni molle, ce qui est une caractÃ©ristique principale de PizzaHut.
Le service au restaurant pour le retrait des commandes Ã©tait Ã©galement loin d'Ãªtre sympathique.",,,,,,,
Annette depuis Google Maps,Local Guide Â· 27 avis Â· 46 photos,il y a 4 mois,5,"J'adore ces pizzas. Pour moi, ce sont les pizzas franchisÃ©es les plus savoureuses et de la meilleure qualitÃ© qui soient. L'attention est Ã©galement trÃ¨s bonne. Et d'excellents prix.",Repas sur place,DÃ®ner,10â€“20 â‚¬,5,5,4,"Rolling Barbacoa, Rolling Pepperoni Y Carbonara, Pan de Ajo, 2 Pizzas"
JA (â€œEl Santoâ€) depuis Google Maps,Local Guide Â· 203 avis Â· 293 photos,il y a 7 mois,4,"Prestation trÃ¨s correcte.
Pizzas moyennes 2 ingrÃ©dients Ã  5 â‚¬ et bon service.",,,,4,5,3,
JesÃºs Alonso Arroyo depuis Google Maps,1 avis,il y a 4 semaines,5,"Endroit calme, trÃ¨s bonne nourriture et excellent service client. J'aurais aimÃ© qu'il y ait plus d'endroits avec un personnel de cette qualitÃ©.",Repas sur place,DÃ®ner,10â€“20 â‚¬,5,5,5,Queso
Diego MartÃ­nez depuis Google Maps,Local Guide Â· 14 avis,il y a un mois,5,"Service phÃ©nomÃ©nal et trÃ¨s bonnes pizzas. De plus, ils contiennent du gluten (peu d'endroits le font)",,,,5,5,5,
Carla C.B depuis Google Maps,4 avis,il y a 4 mois,5,"Excellente attention. Ils nous ont servi trÃ¨s rapidement et les pizzas Ã©taient dÃ©licieuses et chaudes.
La jeune fille blonde nommÃ©e Sonia sert toujours trÃ¨s bien.",,,,5,5,5,
aida yebra depuis Google Maps,Local Guide Â· 68 avis Â· 5 photos,il y a 4 mois,1,"Dans cet endroit, ils ignorent les rÃ¨gles de manipulation des aliments.  Il y a une personne qui prÃ©pare des pizzas avec des gants, qui se rend ensuite Ã  la caisse, manipule de l'argent liquide et, sans changer de gants, retourne Ã  la manipulation de la nourriture. Une autre personne nettoie la voÃ»te du four avec de la laine d'acier et des produits d'entretien alors qu'il y a des pizzas juste en dessous. Encore deux hommes dans la cuisine sans chapeau. La poubelle Ã  l'intÃ©rieur de la cuisine est ouverte en permanence. Une autre personne nettoie avec un spray alors qu'elle a des pizzas Ã  cÃ´tÃ© d'elle. Mourir ivre",,,,1,1,,
Srta Freire depuis Google Maps,1 avis,il y a 5 mois,1,"DÃ©cevant. Commander avec l'application est une arnaque, ce n'est pas nouveau que lorsque vous passez une commande on vous dit qu'il faudra 40 minutes pour arriver mais aprÃ¨s presque 2 heures la pizza n'est toujours pas arrivÃ©e Ã  destination et ils ne rÃ©pondent mÃªme pas au tÃ©lÃ©phone , ce n'est pas la premiÃ¨re fois que Ã§a m'arrive et aprÃ¨s avoir attendu la pizza est arrivÃ©e froide et dure, mais aujourd'hui aprÃ¨s avoir passÃ© commande Ã  22h40 et dit que je la recevrais Ã  23h45 la commande n'est jamais arrivÃ©e, J'ai essayÃ© d'appeler mais il n'y avait pas de signal.
Il est ennuyeux de constater le peu d'intÃ©rÃªt qu'ils portent au bien-Ãªtre du client, cela ne vaut plus la peine de continuer Ã  acheter.",,DÃ®ner,,,,,
Maria Hurtado depuis Google Maps,3 avis,il y a 4 semaines,5,"L'offre d'aujourd'hui a Ã©tÃ© excellente, la fille qui m'a aidÃ© est trÃ¨s gentille et offre un excellent service, fortement recommandÃ©e",Ã€ emporter,DÃ©jeuner,1â€“10 â‚¬,5,5,5,"Pan de Ajo, Queso"
Diana Marcela Orrego Vega depuis Google Maps,6 avis Â· 1 photo,il y a 3 semaines,5,"Le plus c'est dÃ©licieux, le prix chaleureux m'a semblÃ© bon et pour un latino qui manque de pizza hawaÃ¯enne c'est parfait",,,,5,5,5,
Teresa Cunha depuis Google Maps,1 avis,il y a 2 mois,5,TrÃ¨s bien suivi. EmployÃ© trÃ¨s sympathique et attentif. De trÃ¨s bonnes pizzas !,Repas sur place,DÃ®ner,,5,5,5,
Raul perez depuis Google Maps,1 avis,il y a 6 jours,5,"Un endroit trÃ¨s propre, l'accueil est trÃ¨s sympa et surtout trÃ¨s dÃ©licieux",,,,5,5,5,
Loji depuis Google Maps,Local Guide Â· 47 avis Â· 10 photos,il y a un an,5,"Je suis allÃ© Ã  celui avec les roses et la fille qui nous a servi Ã©tait spectaculaire, Sonia, quelle femme ! . Je n'Ã©tais pas allÃ© dans un Pizza Hut depuis 25 ans et j'ai eu un sentiment formidable aprÃ¨s en avoir vu plusieurs. Je dois dire que les pizzas sont toujours excellentes, fraÃ®chement prÃ©parÃ©es, de bonnes affaires et que le service Ã©tait excellent.",Repas sur place,DÃ®ner,10â€“20 â‚¬,5,5,5,"De Queso, Barbacoa"
Pepi J. depuis Google Maps,Local Guide Â· 188 avis Â· 74 photos,il y a un an,5,"C'est la pizzeria que j'aime le plus dans tout Madrid, les pizzas sont exquises, ainsi que les accessoires, le pain Ã  l'ail avec un fromage inÃ©galÃ© et le service ne pourrait pas Ãªtre meilleur de la part d'Ãngeles et de tous ses collÃ¨gues.",Ã€ emporter,,,5,5,5,"Pizza Mediana, Pan de Ajo"
MartÃ­n MartÃ­n depuis Google Maps,Local Guide Â· 14 avis,il y a un mois,5,"Tout Ã©tait dÃ©licieux, la fille blonde Ã  la caisse Ã©tait trÃ¨s sympathique !! Et trÃ¨s vite quand il s'agit de nous donner Ã  manger !!",,,10â€“20 â‚¬,5,5,5,
Maria Del Carmen FernÃ¡ndez Alonso depuis Google Maps,Local Guide Â· 296 avis Â· 1â€¯645 photos,il y a 3 mois,4,"L'ambiance Ã©tait seule et calme, la personne qui m'a servi Ã©tait trÃ¨s agrÃ©able j'ai aimÃ© l'endroit que je ne connaissais pas puisque je passais par lÃ  et de l'extÃ©rieur on m'a encouragÃ© Ã  entrer.",Repas sur place,DÃ©jeuner,10â€“20 â‚¬,4,4,4,De Queso
Belkis Castillo depuis Google Maps,2 avis,il y a 2 semaines,1,"C'est dommage que le service soit si bas... C'est dommage pour mes enfants, mais Pizza Hut plus jamais.",,,,,,,
Daniel Ahvan depuis Google Maps,2 avis,il y a 3 mois,5,"Je viens toujours ici pour manger des pizzas et le service est Ã  10 !

Un merci spÃ©cial Ã  Sonia pour son merveilleux traitement, nous le rÃ©pÃ©terons !",Repas sur place,DÃ®ner,1â€“10 â‚¬,5,5,5,"Pizza Mediana, Rolling Pepperoni Y Carbonara"
Pablo Adame depuis Google Maps,13 avis Â· 8 photos,il y a 7 mois,5,"J'y vais souvent quand j'ai envie d'une pizza, j'aime beaucoup, pas seulement pour la nourriture, qui est excellente, mais aussi parce que Sonia me sert, qui est fantastique !
Professionnel, trÃ¨s compliquÃ© dans ce type de local.
Merci pour votre attention toujours !
Je reviendrai!",,,,5,5,5,
Manuel Losada depuis Google Maps,13 avis,il y a 6 mois,4,"La triple case ici est obligatoire. La qualitÃ© des pizzas et des entrÃ©es par rapport au prix est vraiment bonne, elles sont toujours rapides et trÃ¨s sympas. La meilleure pizza pour moi, la marinera !",,,,,,,
Jose Melara depuis Google Maps,6 avis,il y a 3 mois,5,"Endroit parfait pour passer du temps en famille et entre amis, des gens trÃ¨s sympas, doux et gentils, dÃ©licieux, tout, je reviendrai en Espagne pour manger Ã  nouveau une pizza hut",Repas sur place,DÃ©jeuner,30â€“40 â‚¬,5,5,5,
Rafa depuis Google Maps,Local Guide Â· 388 avis Â· 1â€¯031 photos,il y a 6 ans,3,"Lire complÃ¨te.
J'ai passÃ© une commande Ã  emporter, et quand je suis rentrÃ© chez moi, j'ai rÃ©alisÃ© qu'ils n'avaient pas coupÃ© la pizza, mÃªme si les pizzas sont bonnes et connues comme toujours car c'est ennuyeux d'arriver et de ne pas pouvoir dÃ®ner tout de suite mais de devoir hachez-le.

Le personnel de caisse sert un peu vite, Ã©crasant pour moi, j'ai l'impression de devoir prendre une dÃ©cision trÃ¨s vite et je n'arrive pas Ã  beaucoup rÃ©flÃ©chir Ã  cause du manque de patience de ceux qui servent, je n'ai pas dit qu'ils servent mal , juste qu'ils servent trÃ¨s vite, les pizzas sont trÃ¨s bonnes mÃªme si j'ai remarquÃ© un lÃ©ger changement au niveau de la sauce tomate, l'offre 2x1 Ã  6,95â‚¬ Ã  l'extÃ©rieur est un peu trompeuse, en rÃ©alitÃ© c'est 15â‚¬ pour les deux, les toilettes manquaient de savon, avait peu de papier, et le sÃ¨che-mains automatique est mal calibrÃ© son capteur, ce qui rend ces trois choses ensemble dÃ©sagrÃ©ables Ã  repartir avec les mains propres.",,,,,,,
MARIA Ramos Ramos depuis Google Maps,8 avis,il y a 2 mois,1,"Je suis client de Pizza Hut d'Aquitaine, ou bien j'Ã©tais client, les pizzas sont juste de la pÃ¢te, dures et sans sauce, je n'achÃ¨terai plus jamais",,,,1,1,1,
Hugo Ambite depuis Google Maps,1 avis,il y a 6 jours,5,TrÃ¨s bon service et personnel trÃ¨s sympathique.  Fortement recommandÃ©,,,,5,5,5,
Christian Javier GÃ³mez Moracho depuis Google Maps,Local Guide Â· 19 avis Â· 18 photos,il y a 8 mois,1,"L'expÃ©rience dans cet endroit a Ã©tÃ© horrible, cela faisait longtemps que je ne me souvenais pas du goÃ»t exquis de la pizza hut, mais aprÃ¨s aujourd'hui, je suis clair que je n'en mangerai plus.

Service Ã©pouvantable, il a fallu prÃ¨s de 70 minutes pour envoyer trois pizzas de taille moyenne qui sont arrivÃ©es non seulement brÃ»lÃ©es, mais congelÃ©es, Ã  tel point que j'ai mÃªme dÃ» en mettre une au micro-ondes pour ne serait-ce que la casser. De plus, ils se sont trompÃ©s sur le type de pÃ¢te Ã  pizza que j'ai commandÃ© et les bords n'Ã©taient pas comestibles bien sÃ»r, dommage qu'une marque comme Ã§a finisse comme Ã§a, ou peut-Ãªtre que c'est juste cet endroit... J'essaierai ailleurs comme alternative. derniÃ¨re chance.",Livraison,DÃ®ner,1â€“10 â‚¬,1,1,1,
Carlos Padilla depuis Google Maps,3 avis,il y a 3 semaines,1,"Ils mettent un siÃ¨cle Ã  vous servir et les cuisiniers sont impolis, je ne redeviendrai pas fou. Merci pour rien",,,,1,1,1,
ANDREINA GC depuis Google Maps,Local Guide Â· 113 avis Â· 433 photos,il y a 2 ans,4,C'est un style diffÃ©rent... le traitement est relatif......La pizza est bonne.,,,,,,,
Sonia Martinez Eugenia depuis Google Maps,10 avis Â· 1 photo,il y a un mois,5,"Excellent service, pizzas dÃ©licieuses",,,,5,5,5,
Noelia CD depuis Google Maps,Local Guide Â· 59 avis Â· 20 photos,il y a 7 mois,1,Service tÃ©lÃ©phonique dÃ©sastreux. Ils prennent le temps de rÃ©pondre au tÃ©lÃ©phone et ne rÃ©solvent pas les incidents. Les commandes passÃ©es via l'application puis apportÃ©es par ce magasin arrivent toujours en retard. Vous appelez et ils vous disent qu'ils manquent de personnel et que les pizzas sont encore au four une demi-heure aprÃ¨s la livraison. Ne commandez pas ici. Meilleure pizzeria Carlos Aquitania (derriÃ¨re Carrefour),Livraison,,,1,1,1,
VÃ­ctor GÃ³mez depuis Google Maps,Local Guide Â· 65 avis Â· 36 photos,il y a 7 mois,1,"Le personnel Ã©tait assez dÃ©sastreux, nous avons commandÃ© des pizzas Ã  emporter et plus de 30 minutes plus tard nous attendions toujours les pizzas... J'ai remarquÃ© qu'ils portaient des boÃ®tes de pizzas sur le four pendant un moment... Il s'avÃ¨re que c'Ã©taient les nÃ´tres... nous nous sommes plaints et les ""rÃ©ponses"" de celui qui servait disait ""oui, oui"" pour qu'on se taise et qu'on parte... Vous avez perdu un client...",Ã€ emporter,DÃ©jeuner,20â€“30 â‚¬,4,1,4,
Bea Tiqiti Tiqiti depuis Google Maps,Local Guide Â· 29 avis Â· 11 photos,il y a 7 mois,1,"Je suis allÃ© aujourd'hui commander une pizza Ã  emporter et la fille qui m'a servi Ã©tait super grossiÃ¨re et de mauvaise humeur, me posant des questions comme si elle m'Ã©pargnait la vie, je lui ai dit si elle pouvait me dire comment commander une moitiÃ© de pizza moyenne et moitiÃ© sur l'application, moitiÃ© et elle me dit que son travail n'est pas de m'apprendre comment fonctionne l'application, je lui dis que je le fais mais je veux juste qu'elle me montre oÃ¹ se trouve l'option de mettre moitiÃ©-moitiÃ© et elle le dit. moi non dans le mauvais sens et Ã§a commence Rions... Je suis vraiment dÃ©solÃ© que vous n'aimiez pas travailler devant le public, votre salaire ou votre emploi du temps, mais nous, les gens qui venons ici, ne sommes pas Ã  blÃ¢mer.
Puis pendant que vous attendez que votre commande soit passÃ©e, vous les Ã©coutez dans la cuisine crier, rire aux Ã©clats comme si personne d'autre n'Ã©tait lÃ  et parler de leur vie personnelle (je garde les mots que j'ai entendus par politesse) comme si personne ne les Ã©coutait SÃ©rieusement, quel dommage !
Pourquoi me demander ce nom si vous ne le mettez pas sur le billet de votre partenaire ????",Ã€ emporter,DÃ®ner,10â€“20 â‚¬,5,3,1,Rolling Barbacoa
Skyllam depuis Google Maps,Local Guide Â· 52 avis Â· 79 photos,il y a 9 mois,5,"La pizza est super (ils vous servent beaucoup), ils vous servent trÃ¨s bien et l'ambiance du lieu est trÃ¨s bonne, c'est pour Ã§a que je lui donne 5 Ã©toiles. La seule mauvaise chose notable, ce sont ces dÃ©tails :

-Ils ne disposent pas de buffet ni de distributeurs de boissons. MalgrÃ© cela, il existe des offres qui vous conviennent trÃ¨s bien.

-Les siÃ¨ges sont durs, et Ã§a se voit.

Le reste est parfait, si vous y allez, vous devez essayer le Burbon BBQ, je n'ai rien essayÃ© de similaire.",Repas sur place,DÃ©jeuner,10â€“20 â‚¬,5,5,5,"Barbacoa, Pizza Queso de Cabra"
Juan Carlos Farfan depuis Google Maps,Local Guide Â· 17 avis Â· 7 photos,il y a 10 mois,3,"Nous sommes allÃ©s manger une pizza et nous avions hÃ¢te de visiter les lieux.
Le service de caisse moyen, la pizza grasse, je crois qu'ils la peignent avec une huile pour lui donner un Ã©clat ce que je trouve dÃ©sagrÃ©able, la musique un reggaeton pas agrÃ©able du tout Ã  manger, bref on n'y mangera plus. En regardant l'historique des critiques, il me semble que les responsables de la franchise ne font aucun effort pour renverser la situation pour arrÃªter le grand nombre de commentaires qui ne les favorisent pas du tout. J'ai visitÃ© d'autres Pizza Huts dans plusieurs pays et celui-ci n'a rien Ã  voir avec le concept de franchise.",Repas sur place,DÃ©jeuner,20â€“30 â‚¬,3,2,2,
Diana Lalwani depuis Google Maps,1 avis,il y a 9 mois,5,"Nous avons visitÃ© les lieux plusieurs fois et la premiÃ¨re et la plus importante est de rencontrer Sonia, une personne si gentille, trÃ¨s attentionnÃ©e qui ne manque de rien, charmante et toujours avec le sourire !!
Les pizzas sont toujours excellentes et dÃ©licieuses, bien dodues et fraÃ®chement sorties du four. A rÃ©pÃ©ter, sans aucun doute !",Repas sur place,DÃ®ner,10â€“20 â‚¬,5,5,5,"Bourbon BBQ, Kebab"
Irene Machicado depuis Google Maps,Local Guide Â· 244 avis Â· 1â€¯184 photos,il y a 11 mois,4,"Nous sommes allÃ©s manger cet Ã©tÃ© en profitant du beau temps, mais lorsque nous sommes arrivÃ©s au restaurant, la terrasse n'Ã©tait pas amÃ©nagÃ©e. Mon mari a demandÃ© au livreur de pizza s'ils allaient installer la terrasse et il a rÃ©pondu non, car s'ils l'installaient, ils devraient la rÃ©cupÃ©rer plus tard. Nous avons dÃ» lui demander s'il pouvait nous donner une table et 3 chaises, en lui disant que nous les rÃ©cupÃ©rerions plus tard. Allez, du jamais vu. Pas Ã©tonnant que personne n'y mange jamais, les tables et les chaises Ã  l'extÃ©rieur de l'Ã©tablissement sont toujours empilÃ©es.
De trÃ¨s bonnes pizzas.",Repas sur place,DÃ©jeuner,,5,2,2,
Ruben Baelo depuis Google Maps,6 avis Â· 1 photo,il y a un an,1,Les ailes de poulet sont arrivÃ©es en mauvais Ã©tat. Couleur verdÃ¢tre et mauvaise odeur.,,,,1,1,1,
Marisa SÃ¡nchez depuis Google Maps,2 avis Â· 1 photo,il y a un an,5,Les meilleures pizzas que nous avons mangÃ©es et un excellent service ğŸ‘Œ,,,,5,5,5,
Miguel Cut depuis Google Maps,Local Guide Â· 34 avis Â· 4 photos,il y a un an,1,Pizza hut alsace Menu individuel pas cher mais brÃ»lÃ© je pense qu'il vaut mieux aller chez Dominos,,,,1,1,4,
Chete Mariano depuis Google Maps,Local Guide Â· 322 avis Â· 908 photos,il y a 11 mois,5,"La pizza Pizza Hut m'a manquÃ©, la pÃ¢te Ã  pain est dÃ©licieuse. Nous y sommes allÃ©s la veille d'Halloween et il y avait plein de monde, mais la jeune fille en charge de la caisse et de la rÃ©ception des commandes a su nous servir rapidement et nous a Ã©galement fait des recommandations qui nous ont aidÃ©s Ã  dÃ©cider. Mes fÃ©licitations Ã  elle pour son travail car elle le fait trÃ¨s bien et est aussi trÃ¨s gentille.",Repas sur place,DÃ®ner,10â€“20 â‚¬,5,5,5,"Pan de Ajo, Queso de Cabra"
Guille GÃ³ Ce depuis Google Maps,Local Guide Â· 69 avis Â· 23 photos,il y a 2 mois,5,"TrÃ¨s sympathiques, pizzas trÃ¨s dÃ©licieuses",Repas sur place,DÃ®ner,1â€“10 â‚¬,5,5,5,Rolling Pepperoni Y Carbonara
Antonio Peralta GarcÃ­a depuis Google Maps,7 avis,il y a 6 mois,5,"Des gens super sympas, un excellent service, des pizzas rapides et brutales Sonia Paola traitement exceptionnel je reviendraiâ˜ºï¸",,,,5,5,5,
kako ska depuis Google Maps,Local Guide Â· 23 avis Â· 1 photo,il y a 7 mois,5,"Service imbattable, les vendeuses et les ouvriers Ã  l'intÃ©rieur sont formidables, toujours souriants, amicaux et charmants, offrant toujours un service spectaculaire !! chariots et chariots endurants de certains clients Ã©nergiques !!! Merci Ãngeles et autres collÃ¨gues",,,,5,5,5,
Maria Puente depuis Google Maps,5 avis,il y a 10 mois,1,"NE COMMANDEZ PAS DE LIVRAISON DEPUIS CE LOCAL ! Les pizzas ont mis une heure et en plus l'une d'elles Ã©tait mauvaise, j'ai appelÃ© le magasin et en plus ils m'ont dit qu'ils ne m'en apportaient qu'une pour que je puisse manger l'autre maintenant, avec des rires et des hÃ©sitations. La personne qui prÃ©tend Ãªtre en charge n'arrÃªte pas d'hÃ©siter et de se moquer de moi en disant qu'il leur faudra encore 45 minutes pour venir et qu'elle doit gÃ©rer les livreurs et qu'elle n'est pas Ramon y Cajal. Super dÃ©Ã§u et en plus les nouvelles pizzas froides sont arrivÃ©es.",,,,1,1,1,
Made_by_Nick depuis Google Maps,2 avis,il y a 4 semaines,5,TrÃ¨s bonne attention de la part des garÃ§ons,,,,5,5,5,
Joseph Mayora depuis Google Maps,3 avis,il y a 3 semaines,1,"Ils mettent du temps Ã  sortir votre nourriture et vous demandez combien de temps cela prend et ils rÃ©pondent trÃ¨s mal, ne venez pas ici, service Ã©pouvantable",,,,,1,1,
Elkiwi197 depuis Google Maps,7 avis,il y a 10 mois,2,"Hier soir il y avait un poil sur le bord de ma pizza, je me suis plaint et on m'a rÃ©pondu ""oui mais ce n'est pas dans la pÃ¢te"" (comme si Ã§a enlevait le fait qu'il y avait un poil sur ma pizza), suivi d'un faux ""DÃ©solÃ©, HÃ©"". La femme Ã  qui j'ai parlÃ© a jetÃ© le morceau oÃ¹ elle avait trouvÃ© mes cheveux et m'a regardÃ© comme pour me dire Â« ne me dÃ©range pas, vas-y Â». Il s'en fichait du tout.

Il est vrai qu'il n'y avait personne sans filet Ã  cheveux (mÃªme si tout le monde ne le portait pas correctement) et que la cuisine Ã©tait trÃ¨s propre. Je dois aussi dire qu'il leur a fallu beaucoup de temps pour faire une seule pizza.",Repas sur place,DÃ®ner,20â€“30 â‚¬,2,1,1,
ana maria Tenter depuis Google Maps,Local Guide Â· 14 avis Â· 46 photos,il y a un an,3,"En attente d'une pizza depuis 20h15, il est 21h52. Ils ont appelÃ©... La pizza, bien sÃ»r froide. Comment le manger",,DÃ®ner,10â€“20 â‚¬,,1,3,
Alex depuis Google Maps,12 avis Â· 3 photos,il y a 4 mois,1,"Fatal, celui qui a les cheveux rasÃ©s sur les cÃ´tÃ©s n'y connaÃ®t rien, grossier et dÃ©sagrÃ©able, qui met fin Ã  l'affaire",,,,,,,
Carlos Gonzalez depuis Google Maps,1 avis,il y a 2 semaines,5,Les pizzas sont trÃ¨s bonnes,,,,5,5,5,
Francisco Rodriguez depuis Google Maps,6 avis,il y a 7 mois,5,"Ils m'en ont donnÃ© 10, facile d'accÃ¨s et de stationnement. Vendeuse sympathique et trÃ¨s gentille. Nourriture trÃ¨s dÃ©licieuse. 5/5",Repas sur place,DÃ©jeuner,20â€“30 â‚¬,5,5,5,"Pizza Mediana, Pan de Ajo, Barbacoa"
Rebeca Bdr depuis Google Maps,1 avis Â· 1 photo,il y a un mois,5,TrÃ¨s bonnes offres et service trÃ¨s rapide,,,,5,5,5,
Eli Nieves depuis Google Maps,Local Guide Â· 239 avis Â· 6 photos,il y a 8 mois,5,"C'est un bon endroit pour manger des pizzas pour le dÃ®ner, elles sont trÃ¨s bonnes, dÃ©licieuses, et il ne faut pas attendre longtemps, il n'y a pas de scandale de musique forte et la caissiÃ¨re est trÃ¨s sympathique et gentille, je le recommande, et bien sÃ»r Je reviendrai ğŸ˜ŒğŸ˜ŒğŸ˜‹ğŸ˜‹ğŸ˜‹ğŸ˜‹ ğŸ˜‹",Repas sur place,,1â€“10 â‚¬,5,5,5,De Queso
Daniel UrÃ³s depuis Google Maps,Local Guide Â· 40 avis Â· 4 photos,il y a un an,5,"Hier j'ai eu l'occasion de tester leurs pizzas et je dois dire qu'elles m'ont laissÃ© sans voix, cela faisait longtemps que je n'avais pas trouvÃ© de pizzas aussi abondantes en ingrÃ©dients et aussi bonnes.

Mais ce qui rend cette pizzeria vraiment spÃ©ciale, c'est le service. La serveuse qui nous a servi (blonde, je crois qu'elle s'appelle Sonia) Ã©tait super sympa et trÃ¨s attentionnÃ©e, elle nous a Ã©galement conseillÃ© sur les saveurs et les pÃ¢tes choisir et elle a bien compris. Il s'est assurÃ© que nous avions tout ce dont nous avions besoin et nous a fait sentir comme chez nous.

C'est sans aucun doute une pizzeria que je recommande Ã  100%. Les pizzas sont dÃ©licieuses et le service imbattable.",Repas sur place,DÃ®ner,10â€“20 â‚¬,5,5,5,Pizza Queso de Cabra
Miguel Salmeron Alcaide depuis Google Maps,3 avis,il y a 6 mois,5,Un service incroyable et les pizzas sont toujours aussi dÃ©licieuses.,,,,5,5,5,
Juanma DurÃ¡n depuis Google Maps,Local Guide Â· 13 avis Â· 29 photos,il y a un an,1,"J'ai passÃ© une commande de livraison Ã  cet endroit Ã  14h25 et il est 16h23. J'ai appelÃ© Ã  15h20 et ils m'ont dit que le livreur partait dÃ©jÃ . Il n'est pas arrivÃ©. J'ai rappelÃ© Ã  16h20 et ils m'ont dit qu'ils m'avaient dÃ©jÃ  appelÃ© pour me donner la commande gratuitement, ce qui est un mensonge. J'ai dÃ©jÃ  portÃ© plainte auprÃ¨s du siÃ¨ge de Pizza Hut et du service consommateurs Ã  Madrid. Le traitement reÃ§u au tÃ©lÃ©phone a Ã©tÃ© mÃ©prisable, en raison du personnel, des mauvaises maniÃ¨res, des mauvaises maniÃ¨res et probablement du peu de qualification. Sans mots.",Livraison,DÃ©jeuner,10â€“20 â‚¬,,1,1,
Lesli Alejandra depuis Google Maps,2 avis Â· 1 photo,il y a 10 mois,1,"J'attendais une pizza depuis plus d'1 heure, j'ai passÃ© la commande Ã  22h18, le dÃ©lai de livraison indiquait 23h57 et ils l'ont livrÃ©e aprÃ¨s 23h30. En plus de Ã§a, la pizza est arrivÃ©e super froide, elle n'Ã©tait pas chaude.
Cela me semble Ãªtre une mauvaise expÃ©rience car je voulais la pizza chaude et dans les dÃ©lais impartis.",,DÃ®ner,10â€“20 â‚¬,,1,,
N Jero depuis Google Maps,6 avis,il y a 2 mois,4,Pizza bien faite. Sympathie du personnel.,Repas sur place,DÃ®ner,30â€“40 â‚¬,5,5,4,
Jhoselito MG depuis Google Maps,34 avis Â· 4 photos,il y a 9 mois,5,"Je rÃ©cupÃ©rais 3 pizzas cet aprÃ¨s-midi tÃ´t le matin, elles Ã©taient dÃ©licieuses et elles Ã©taient dÃ©jÃ  prÃ©parÃ©es Ã  mon arrivÃ©e, mais le meilleur de tout Ã©tait le traitement reÃ§u par la dame qui m'a servi, c'est difficile de nos jours d'en trouver une personne en face du public, si gentille et souriante, merci beaucoup pour votre attention.",,,,5,5,5,
Ainhoa Ãlvarez PÃ©rez depuis Google Maps,4 avis,il y a 10 mois,2,"J'ai passÃ© une commande en ligne et il leur a fallu plus d'une heure pour la livrer Ã  mon domicile. Nous avons appelÃ© deux fois, la premiÃ¨re fois ils m'ont dit que le livreur Ã©tait prÃªt Ã  partir, 15 minutes plus tard il Ã©tait dÃ©jÃ  parti et encore 15 minutes plus tard. 30 minutes et la pizza n'est pas arrivÃ©e..
C'est la deuxiÃ¨me fois que cette pizzeria connaÃ®t des incidents de livraison.",,,,5,1,,
Teresa Armenteros Carpio depuis Google Maps,1 avis,il y a 10 mois,1,"Ils ont mis 1h30 pour les amener, j'ai dÃ» appeler 3 fois, ils sont arrivÃ©s froids quand je leur ai parlÃ©, j'ai Ã©tÃ© servi par une personne trÃ¨s peu instruite.... JE NE MANGERAI PAS DE PIZZA DE CET Ã‰TABLISSEMENT ENCORE.... Je vais donner une Ã©toile car je ne peux pas en mettre moins",Livraison,DÃ®ner,10â€“20 â‚¬,1,,,
antonio alcazar depuis Google Maps,Local Guide Â· 19 avis Â· 29 photos,il y a un an,5,"TrÃ¨s bon service, rapide et trÃ¨s sympathique.",Ã€ emporter,DÃ®ner,20â€“30 â‚¬,5,5,5,
Alberto Fedz miruri depuis Google Maps,12 avis,il y a 7 mois,5,"Les pizzas Ã©taient excellentes, le cÃ´tÃ© fromage est impressionnant et le meilleur Ã©tait l'attention de Sonia. Elle nous a trÃ¨s bien traitÃ©s, super attentionnÃ©e et trÃ¨s agrÃ©able. Nous serons de retour",Repas sur place,DÃ®ner,1â€“10 â‚¬,5,5,5,Rolling Barbacoa
Carlos Urrego depuis Google Maps,Local Guide Â· 50 avis Â· 7 photos,il y a une semaine,1,Attention fatale et les jours de la fille Ana dÃ©sastreux,,,,1,1,1,
Leandro Alvarez depuis Google Maps,Local Guide Â· 18 avis Â· 5 photos,il y a 3 mois,1,Le manager d'origine roumaine est la chose la plus grossiÃ¨re que j'ai jamais vue,Ã€ emporter,,,1,1,1,
Jhon Anderson Salazar Varela depuis Google Maps,3 avis,il y a un an,5,"La nourriture est dÃ©licieuse, les pizzas et la variÃ©tÃ© sont incroyables, elles sont trÃ¨s bien prÃ©parÃ©es, c'est un plaisir de manger. L'attention par contre est incroyable, l'attention a Ã©tÃ© trÃ¨s bonne, cela m'a fait me sentir chez moi et trÃ¨s calme.",Repas sur place,DÃ®ner,1â€“10 â‚¬,5,5,4,
MarÃ­a A. MartÃ­n depuis Google Maps,Local Guide Â· 404 avis Â· 2â€¯386 photos,il y a un an,4,"Ils ont Ã©tÃ© trÃ¨s rapides Ã  nous servir et trÃ¨s sympathiques aussi. L'endroit est petit mais vide, nous avons donc choisi une table et nous Ã©tions trÃ¨s Ã  l'aise. Ils disposent Ã©galement d'une terrasse extÃ©rieure. Ils ont des offres comme celle que nous avons prise Ã  3x20 â‚¬ sur des pizzas moyennes. Les pizzas Ã©taient trÃ¨s savoureuses.",Repas sur place,DÃ®ner,1â€“10 â‚¬,5,4,5,"De Queso, Barbacoa"
Alejandro Zapico Alonso depuis Google Maps,Local Guide Â· 14 avis Â· 1 photo,il y a 2 ans,1,"Quand les choses sont bien faites, on le dit et quand elles sont mal faites, on le dit aussi.
Vous avez acceptÃ© la commande, elle est passÃ©e en statut de prÃ©paration, et aprÃ¨s une heure d'attente je vois que vous l'avez annulÃ©e sans plus attendre, juste parce que. Si vous n'acceptez pas la livraison Ã  domicile, celle-ci est annulÃ©e dÃ¨s le premier instant, empÃªchant la commande de passer, faisant attendre le client jusqu'Ã  ce qu'il dÃ©cide de regarder l'Ã©tat et de voir ce qui est annulÃ© aprÃ¨s une heure, c'est imprÃ©sentable.

La critique ne servira Ã  rien, mais c'est ce que vous Ãªtes et ce qui est dit.",,,,5,1,1,
Ruben Sosa depuis Google Maps,6 avis,il y a un an,5,"TrÃ¨s bonne option, nous avons commandÃ© pour manger sur place, cela a pris un peu plus de temps mais normal pour un week-end, et l'attention de la caissiÃ¨re a compensÃ© l'attente. TrÃ¨s aimable. Merci!",Repas sur place,DÃ®ner,1â€“10 â‚¬,5,5,4,
Frederick LÃ¡rez depuis Google Maps,8 avis,il y a un an,1,"Nous venons d'y Ãªtre et la fille qui nous a servi au dÃ©but Ã©tait sympathique mais ensuite elle n'Ã©tait pas trÃ¨s polie. En fait, il nous a expulsÃ© des lieux alors que nous avions Ã  peine 15 minutes lÃ -bas, sachant qu'il Ã©tait 16h10 et que la fermeture Ã©tait Ã  16h30. TrÃ¨s mauvaise expÃ©rience et peu d'Ã©ducation en service client.",,,,4,1,1,
Marcia Reeves depuis Google Maps,8 avis,il y a un an,5,"Les meilleures pizzas amÃ©ricaines d'Espagne. La mÃªme saveur dÃ©licieuse que toujours. Le restaurant est bon. L'attention de la fille qui prend les commandes est Ã©galement trÃ¨s bonne. Je le recommande. En guise de recommandation pour Pizza Hut en tant que tel, j'ajouterais seulement qu'il y a un besoin de plus de restaurants Ã  Madrid :)",Repas sur place,DÃ©jeuner,1â€“10 â‚¬,,,,
Denisa Sociu depuis Google Maps,3 avis,il y a 7 mois,5,"TrÃ¨s charmante, Sonia nous a trÃ¨s bien traitÃ©s.
Tout est trÃ¨s riche.",,,,5,5,5,
MÃ³nica depuis Google Maps,Local Guide Â· 30 avis Â· 29 photos,il y a un an,1,"Aujourd'hui, j'ai passÃ© une commande il y a quelques heures et une fille nommÃ©e Sonia m'a aidÃ©e et m'a dit que la commande prendrait 45 minutes. Au final, j'ai dÃ» attendre plus d'une heure et demie pour que ma commande arrive. Au cours de ce processus, j'ai appelÃ© deux fois, un appel au cours duquel il m'a dit que cela ne prendrait pas longtemps et que je devais attendre jusqu'Ã  22h05/22h10 au plus tard. Le troisiÃ¨me appel a Ã©tÃ© la chose la plus dÃ©plorable Ã  laquelle j'ai jamais Ã©tÃ© tÃ©moin. La jeune fille a dÃ©crochÃ© le tÃ©lÃ©phone et l'a dÃ©libÃ©rÃ©ment dÃ©crochÃ©. J'en dÃ©duis qu'il savait qui il Ã©tait et pourquoi je l'appelais. J'ai intelligemment appelÃ© d'un autre numÃ©ro et s'il m'a rÃ©pondu Ã  celui-lÃ , je voulais juste voir comment se dÃ©roulait la commande et sa rÃ©ponse a Ã©tÃ© que le livreur Ã©tait dÃ©jÃ  parti, qu'il ne savait pas combien de temps cela allait prendre .

La rue est proche et j'ai passÃ© une heure et demie avec un ordre qui m'a fait rÃ©flÃ©chir et je ne pouvais rien savoir quand la vÃ©ritÃ© est arrivÃ©e. Il m'a dit que le maximum Ã©tait une certaine heure et non. (Il Ã©tait presque 22h30 aprÃ¨s une heure et demie d'attente.)

Quand je lui ai dit que si cela prenait plus de temps, je ne voulais pas de la commande, il m'a dit de la retourner sans aucun problÃ¨me et lorsqu'il m'a entendu mentionner Â« RÃ©clamation Â», il a raccrochÃ©. C'Ã©tait un service terrible et trÃ¨s embarrassant de la part de ce Â« travailleur Â». Elle Ã©tait arrogante, irresponsable, peu professionnelle et je pense que n'importe qui d'autre rendrait mieux son service.

Je porterai cela Ã  l'attention du service client des services centraux.

Au final les pizzas sont arrivÃ©es froides et n'Ã©taient pas vraiment bonnes. Je ne retournerai jamais dans un Pizzahut.",Livraison,DÃ®ner,10â€“20 â‚¬,,,,
Jesus Motos depuis Google Maps,6 avis,il y a 6 mois,5,Sonia est une fille super gentille Excellent traitement ! :):):):) Je reviendrai certainement pour Sonia,,,,5,5,5,
oscar cano depuis Google Maps,2 avis,il y a un mois,5,TrÃ¨s bien frÃ©quentÃ© et rapide,,,,5,5,5,
Alberto Rueda depuis Google Maps,Local Guide Â· 31 avis Â· 11 photos,il y a 3 ans,1,"Quelle publicitÃ© : AUJOURD'HUI SEULEMENT MOYEN 5,95.
MENSONGE : Quand vous Ãªtes dÃ©jÃ  Ã  lâ€™intÃ©rieur, ils vous disent 7h95. Il y a un autre signe qui, en petits caractÃ¨res, dit que ce n'est pas le cas aujourd'hui.",,,,,,,
Cristian Jonathan Vides Rocha depuis Google Maps,4 avis Â· 2 photos,il y a 6 mois,5,"Bon service
Service agrÃ©able et pizza dÃ©licieuse
RecommandÃ© 100",,,,5,5,5,
Ariana Ampuero depuis Google Maps,10 avis Â· 3 photos,il y a 5 mois,1,Super dommage il est dit qu'il ferme Ã  1 heure du matin et je viens d'appeler et ils m'ont dit qu'ils avaient dÃ©jÃ  fermÃ© ! Respectez votre emploi du temps,,,,,1,,
MdeH depuis Google Maps,Local Guide Â· 116 avis Â· 29 photos,il y a un an,5,"La pizza est trÃ¨s bonne, l'attention du personnel est correcte, le mauvais c'est l'ambiance, car l'endroit est petit et il y a beaucoup de gens qui crient et crient dans l'endroit et comme il est petit, c'est un peu inconfortable, mais ils ne peuvent pas rÃ©solvez cela, ils.",Repas sur place,DÃ®ner,30â€“40 â‚¬,5,5,2,"Pan de Ajo, DentrÃ­simo Pepperoni, Pizza Queso de Cabra"
Ivana Fernandez Aparicio depuis Google Maps,Local Guide Â· 17 avis Â· 1 photo,il y a 8 mois,4,"Cela faisait longtemps que je n'avais pas mangÃ© dans une pizzeria et les pizzas ne sont plus comme celles d'avant, elles Ã©taient trÃ¨s grasses et Ã©picÃ©es. Maintenant elles sont comme n'importe quel autre endroit, un peu grasses mais avec plein d'ingrÃ©dients.",Repas sur place,DÃ©jeuner,10â€“20 â‚¬,3,2,2,
Mar Gomez depuis Google Maps,Local Guide Â· 5 avis,il y a un an,5,"J'aime la nourriture, c'est prÃ¨s de chez moi et parfois je commande la livraison et d'autres fois je vais local. Le traitement des personnes qui travaillent est exquis. Je le recommande.",Repas sur place,DÃ®ner,1â€“10 â‚¬,5,5,5,"Pizza Mediana, Pan de Ajo"
Dani Was depuis Google Maps,Local Guide Â· 28 avis Â· 3 photos,il y a 7 mois,5,"De trÃ¨s bonnes pizzas, mettant en valeur le traitement trÃ¨s sympathique de Sonia. Ma pizzeria prÃ©fÃ©rÃ©e Ã  Madrid.",,,,5,5,5,
JosÃ© VÃ­tores depuis Google Maps,4 avis,il y a un an,5,"J'adore les pizzas ici, service imbattable, j'y retournerais certainement autant de fois que nÃ©cessaire, personnel assez sympathique, trÃ¨s efficace, elles mÃ©ritent un 10, fÃ©licitations !!!!!",,,,5,5,5,
Alba Fernandez Rodriguez depuis Google Maps,4 avis,il y a un an,5,"Bonnes offres pour le ramassage et la livraison. Et en plus de cela, le traitement du personnel Ã©tait excellent, trÃ¨s agrÃ©able. Mettez en avant les 3Ã—1 dans les modÃ¨les de taille moyenne qui ont des prix abordables et une bonne qualitÃ©.",,DÃ®ner,,5,5,5,
Jose Perez depuis Google Maps,7 avis,il y a 7 mois,1,Que personne ne demande ici.  Et commande. Plus de 1. Il y a et demi. Une pizza. Et yamo et il me dit qu'il est sur le point de partir.    Nous ne sommes pas partis sans dÃ®ner.,,,,,,,
Deivid Costa depuis Google Maps,Local Guide Â· 12 avis,il y a 3 mois,5,"Tout Ã©tait trÃ¨s bon, bonne nourriture et super bon service.",Repas sur place,,,5,5,5,
Scott Fuentes depuis Google Maps,6 avis,il y a un an,1,"Je demande Ã  la fille si la climatisation fonctionne, et elle dit oui. Je lui demande si elle n'a pas remarquÃ© que tout le monde mange avec sa veste, et elle rÃ©pond que la loi ne permet pas qu'on le monte. plus haut.. Il me dit que dans la cuisine ils sont Ã  la mÃªme tempÃ©rature ğŸ˜‘ J'ai fini et je suis parti, je n'aime pas qu'ils me rient au nez.",,,,,,,
Nines Martinez depuis Google Maps,1 avis,il y a un an,4,"J'y suis allÃ© plusieurs fois et je rencontre presque toujours une vendeuse (fille blonde) qui fait mon aprÃ¨s-midi pour sa gentillesse et son bon traitement et cela est apprÃ©ciÃ©, en partie parce que j'adore les pizzas.",,,,,,,
Joaquin MontaÃ±ez Amaya depuis Google Maps,3 avis,il y a 6 mois,5,"Une attention incroyable, trÃ¨s gentille Sonia, trÃ¨s gentille et tous les travailleurs pareils, nous venons toujours",,,,5,5,5,
Becky Moral depuis Google Maps,6 avis Â· 3 photos,il y a un an,1,"Le service de livraison Ã  domicile est exaspÃ©rant, en plus du fait que cela prend 40 minutes (selon l'application) ils se permettent le luxe de retarder jusqu'Ã  1h30 sans justification, car c'est toujours comme Ã§a... Vous appelle et ils te disent que le livreur Il est dÃ©jÃ  sorti, la seule chose qui manque c'est qu'au bout d'1 heure il n'est pas parti de lÃ ... Je ne lui donne pas 0 Ã©toile car il ne me laisse pas",,,,,1,,
Belisa De leÃ³n Marte (Bel) depuis Google Maps,4 avis Â· 2 photos,il y a 10 mois,5,"Super pizza! Ils nous ont trÃ¨s bien traitÃ©s et le caissier Ã©tait trÃ¨s gentil, totalement recommandÃ©.",Repas sur place,DÃ®ner,1â€“10 â‚¬,5,5,5,"Pan de Ajo, Barbacoa"
Leonel Pc depuis Google Maps,8 avis,il y a un mois,1,"Fatal
TrÃ¨s bords
Je ne retournerai plus dans cet endroit",,,,,,,
Antonio VÃ¡zquez salazar depuis Google Maps,1 avis,il y a un an,1,"La pire expÃ©rience, la femme qui nous a servi Ã©tait insupportable. Avec des gestes et un dÃ©dain pour tout doute... L'habitant avec une chaleur qui rendait difficile la dÃ©gustation de nos plats. Enfin un et pas plus",,,,2,1,1,
David Martin Cascajero depuis Google Maps,2 avis,il y a 10 mois,5,Super bonnes pizzas et personnel trÃ¨s sympathique.,,,,5,5,5,
Johanna Herrero depuis Google Maps,Local Guide Â· 12 avis Â· 11 photos,il y a un an,5,"C'est magnifique comment ils vous servent, surtout la fille au comptoir qui est super sympa et vous conseille sur tout, l'endroit est super propre et les pizzas et pains Ã  l'ail sont merveilleux. TrÃ¨s bonne prestation. Super recommandÃ©.",,,,5,5,5,
Jose luis Garcia Ruiz-Bravo depuis Google Maps,2 avis,il y a un mois,5,"La meilleure, la fille qui m'a aidÃ©",,,,5,5,5,
Maikel Sava depuis Google Maps,Local Guide Â· 27 avis,il y a 2 mois,5,"Bonne qualitÃ©
Bonne attention
et la vitesse",,,,5,5,5,
Rodolfo Arteaga depuis Google Maps,14 avis Â· 2 photos,il y a 2 ans,1,"J'ai passÃ© une commande dimanche, il s'avÃ¨re que le restaurant Ã©tait fermÃ©, Ã  partir de lÃ  ils ne devraient pas me permettre de passer la commande, le responsable du service client me dit qu'Ã  partir de lÃ  ils ont laissÃ© l'option de commande en ligne ouverte, je l'annule et ils me disent que dans 3 jours ils me rendront mon argent. Nous sommes jeudi et il n'a pas Ã©tÃ© restituÃ©. J'appelle et parle au livreur qui ne peut pas m'aider car il est Ã  l'extÃ©rieur du restaurant. Juan Carlos me rÃ©pond et me dit de rappeler Ã  21h30. Je lui demande de laisser mon message Ã  son manager et il me dit qu'il est en dehors des heures d'ouverture, ma question est pourquoi prend-il l'appel en dehors des heures d'ouverture ? Combien cela coÃ»te-t-il de rÃ©pondre Ã  une plainte et de simplement laisser un message !! L'inefficacitÃ© dont ils font preuve face Ã  un problÃ¨me est incroyable !! Je veux une rÃ©ponse maintenant et je veux mon argent !",,,,,,,
Antonia JosÃ© LÃ³pez Moreno depuis Google Maps,Local Guide Â· 30 avis Â· 12 photos,il y a 9 mois,4,TrÃ¨s bon service pour un fast food. Les pizzas sont plutÃ´t bonnes.,Repas sur place,DÃ®ner,10â€“20 â‚¬,4,5,4,"De Queso, Barbacoa"
Iri Oancea depuis Google Maps,3 avis,il y a 7 mois,5,"Une des meilleures pizzerias du quartier.
Le service et l'attention de Sonia sont sans aucun doute les meilleurs !",,,,5,5,5,
Johan H. depuis Google Maps,1 avis,il y a un an,5,"Je passais par ici et rien que l'image extÃ©rieure du lieu m'a donnÃ© faim, je suis entrÃ© et j'ai Ã©tÃ© servi par une fille trÃ¨s gentille et agrÃ©able... fortement recommandÃ©, j'y retournerais sans aucun doute. Je les recommande Ã  tout le monde... et oui, sans aucun doute, j'y retournerai ! Merci beaucoup. ğŸ˜‰",Ã€ emporter,DÃ©jeuner,10â€“20 â‚¬,,,,
Carolina CG depuis Google Maps,6 avis,il y a un an,1,"L'expÃ©rience avec la livraison de pizza a Ã©tÃ© assez dÃ©cevante, les pizzas sont arrivÃ©es 1h30 aprÃ¨s les avoir commandÃ©es, il manquait Ã  l'une des pizzas BBQ le plus important... le BBQ et elles sont arrivÃ©es froides.
Nous avons appelÃ© simplement pour dire aux gens qui travaillaient lÃ -bas et qui cherchaient tout le temps des dÃ©fauts dans ce que nous disions pour s'excuser et ils ne vous laissaient pas parler, en gÃ©nÃ©ral, cela a Ã©tÃ© une assez mauvaise expÃ©rience.",,,,,,,
Ronaldo Cifuentes depuis Google Maps,5 avis,il y a 3 semaines,2,Ils mettent beaucoup de temps Ã  y assister,,,,,,,
Jimmy Benitez Arellano depuis Google Maps,Local Guide Â· 30 avis Â· 1 photo,il y a un an,1,"Un endroit petit et dÃ©sagrÃ©able, Ã  plusieurs reprises nous sommes allÃ©s y manger et ils se sont trompÃ©s avec la commande et n'ont pas acceptÃ© de la modifier. Je ne reviendrai jamais, je ne recommande Ã  personne de venir ici car il existe de meilleures options dans la rÃ©gion",,,,3,1,2,
Sekyal Alcala depuis Google Maps,3 avis,il y a un an,5,"L'Ã©tablissement historique du quartier, Ã§a fait plaisir de le voir fonctionner ainsi tant d'annÃ©es aprÃ¨s, de trÃ¨s bonnes offres sur les pizzas de taille moyenne et toujours un trÃ¨s bon traitement de la part des employÃ©s, je le recommande.",Repas sur place,DÃ®ner,1â€“10 â‚¬,5,5,5,"Pizza Mediana, Pan de Ajo"
NURIA LOPEZ RODRIGUEZ depuis Google Maps,Local Guide Â· 30 avis,il y a 4 ans,1,"Je mange les pizzas de cet endroit depuis de nombreuses annÃ©es, elles Ã©taient dÃ©licieuses, mais j'ai commandÃ© plusieurs fois et je ne vais pas en commander plus car j'ai remarquÃ© que la pÃ¢te n'est pas la mÃªme, elle ressemble Ã  du chewing-gum et le le bord rempli de fromage ne contient presque pas de fromage. Nous demandons toujours de la pÃ¢te Ã  rouler.
Ils devraient s'amÃ©liorer s'ils ne veulent pas perdre plus de clients, je connais davantage de mes amis qui ont arrÃªtÃ© d'y aller aussi.",,,,,,,
Saray Ortega depuis Google Maps,9 avis Â· 1 photo,il y a un an,1,"C'est la derniÃ¨re fois qu'on commande, on est allÃ© les chercher, c'est la troisiÃ¨me fois en un mois et demi que les pizzas sont mauvaises, sans tomate presque sans fromage et au lieu de bacon cette derniÃ¨re fois ils n'en avaient pas et ils mettez-nous du jambon, une catastrophe. Nous avons commandÃ© 6 pizzas.",,DÃ©jeuner,40â€“50 â‚¬,1,,,
perla ehsent depuis Google Maps,Local Guide Â· 66 avis Â· 235 photos,il y a un an,4,"Pizza rapide et de qualitÃ© mÃªme si si vous choisissez des ingrÃ©dients, ils peuvent Ãªtre confondus avec de la sauce mais tout est quand mÃªme trÃ¨s dÃ©licieux et le temps d'attente est infÃ©rieur Ã  15 minutes, bonne ambiance et propretÃ©. Serveurs sympathiques et attentifs",Repas sur place,DÃ®ner,1â€“10 â‚¬,4,5,5,
Rodrigo Gostanza depuis Google Maps,1 avis,il y a 6 jours,5,"TrÃ¨s bon service, le personnel est trÃ¨s sympathique",Ã€ emporter,DÃ®ner,10â€“20 â‚¬,5,5,5,
Beatriz SanchidriÃ¡n depuis Google Maps,2 avis,il y a un an,5,"Peu importe la pÃ¢te que vous commandez, elles sont toutes dÃ©licieuses. Pizza pleine de saveurs dans un endroit trÃ¨s sympa. Et le personnel adorable !!",Repas sur place,DÃ©jeuner,1â€“10 â‚¬,5,5,5,
Maxi Gala depuis Google Maps,Local Guide Â· 703 avis Â· 3â€¯154 photos,il y a 5 ans,5,"Je mange et bois pour peu d'argent, moins de 7 et de dÃ©licieuses pizzas, je n'ai pas mangÃ© de pizzas aussi dÃ©licieuses depuis longtemps",,,,,,,
Antonio Montoya Romero depuis Google Maps,7 avis,il y a 6 mois,5,"les meilleures vendeuses Sonia et Paola, les pizzas sont incroyables, les meilleures de tous les temps !",Repas sur place,DÃ®ner,1â€“10 â‚¬,5,5,5,"Pizza Mediana, De Queso, Rolling Pepperoni Y Carbonara, Pan de Ajo, Queso, Barbacoa"
Lucia Sicre depuis Google Maps,5 avis,il y a un an,1,J'ai passÃ© une commande de livraison et la pizza Ã©tait pleine d'huile et de graisse. La boÃ®te est Ã©galement trempÃ©e dans l'huile. Vous ne pouvez pas le manger.,Livraison,DÃ©jeuner,10â€“20 â‚¬,1,,,
Javivi depuis Google Maps,1 avis Â· 4 photos,il y a un an,5,"Bon service, la commande a Ã©tÃ© rapide, les pizzas Ã©taient trÃ¨s bonnes et la personne qui nous a servi nous a invitÃ© mon fils et moi Ã  boire un verre pour poster un avis.",Ã€ emporter,DÃ®ner,1â€“10 â‚¬,,,,
Paloma Moreno depuis Google Maps,Local Guide Â· 8 avis Â· 1 photo,il y a 2 ans,1,"Je donne une Ã©toile parce qu'on ne peut pas donner moins, je travaille dans l'entreprise et c'est honteux et dÃ©goÃ»tant de voir comment ils font des PIZZAS SANS GANTS, en touchant tout avec les mains, ils font des pizzas sans gluten dans le mÃªme four que les normales , donc si vous Ãªtes coeliaque, ne vous inquiÃ©tez pas. Je vous conseille de le commander sur place car ils ne prennent aucun soin, sans parler de la propretÃ© et des insectes, bien sÃ»r j'ai mÃªme vu des cafards Ã  l'intÃ©rieur des locaux.
Et la vÃ©ritÃ© est que je suis trÃ¨s heureux d'avoir travaillÃ© ici parce qu'alors je sais O NE PAS DEMANDER DE MAIN NOURRITURE !!",,,,,,,
David Fdez. depuis Google Maps,10 avis,il y a un an,5,"L'un des rares PizzaHuts Ã  disposer d'un grand restaurant, oÃ¹ beaucoup peuvent manger. Stationnement trÃ¨s calme et facile. Parfait pour partir en famille.

Et au menu, eh bien, la bonne qualitÃ© de PizzaHut avec de bons prix et de bonnes offres.

Si vous aimez PizzaHut, c'est l'endroit idÃ©al.",Repas sur place,,,5,5,5,Rolling Barbacoa
Luiza Oprea depuis Google Maps,4 avis,il y a un an,5,"J'adore cet endroit, je mange ici depuis des annÃ©es et la fille qui nous sert est adorable, toujours attentionnÃ©e, sympathique et souriante.
L'offre 5.95 est la meilleure !!!",,,,5,5,5,
Jose Antonio Cuesta Lopez depuis Google Maps,36 avis Â· 17 photos,il y a 4 mois,5,Excellentes pizzas Ã  emporter.,Ã€ emporter,DÃ©jeuner,1â€“10 â‚¬,5,5,4,
ivandi depuis Google Maps,5 avis,il y a 7 mois,5,"TrÃ¨s bon service de Sonia, attention trÃ¨s agrÃ©able et super bonne nourriture",,,,5,5,5,
Alejandra Perello depuis Google Maps,8 avis Â· 2 photos,il y a un an,5,"L'attention de La Rubia est excellente. La premiÃ¨re fois, ils vous guident toujours pour que vous puissiez profiter des offres. De plus, la saveur et la quantitÃ© sont EXCELLENTES !!! RecommandÃ©",,,,5,5,5,
MARIA DE LAS CRUCES PEREZ LOPEZ depuis Google Maps,7 avis,il y a un an,5,Cela faisait longtemps que nous n'Ã©tions pas venus et ils nous ont trÃ¨s bien traitÃ©s. La piÃ¨ce comme toujours trÃ¨s riche. Bonnes offres,,,,5,5,5,
Claudio depuis Google Maps,Local Guide Â· 99 avis Â· 66 photos,il y a un an,3,"Nous avons mangÃ© en groupe, environ 8 personnes, nous avons Ã©tÃ© servis par une vieille femme appelÃ©e Ãngeles qui ne m'a pas du tout plu par son comportement, une rasista sans honte, se moquant de nous parce que cela ne nous a pas pris n'importe quoi pour dÃ©cider ce qu'on veut manger, j'ai mangÃ© plusieurs fois Ã  cet endroit mais je n'y retournerai pas ! je ne recommande pas",Repas sur place,DÃ®ner,1â€“10 â‚¬,4,2,3,
Alejandra Diaz depuis Google Maps,3 avis,il y a un an,5,"TrÃ¨s bon service, la jeune fille explique trÃ¨s bien comment choisir les pizzas et les ingrÃ©dients, trÃ¨s gentille en effet. merci pour l'attentionâ€¦ excellent magasin",,,,,,,
Fon depuis Google Maps,Local Guide Â· 154 avis,il y a 9 mois,4,"Pour moi, ce sont les meilleures pizzas de la maison. C'est dommage qu'il reste peu d'Ã©tablissements Ã  Madrid. Le service sur place, rue Aquitania, est trÃ¨s bon.",Ã€ emporter,DÃ©jeuner,1â€“10 â‚¬,4,4,2,"Rolling Barbacoa, Pizza Mediana, De Queso, Pan de Ajo, 2 Pizzas, Barbacoa"
Buscadores de historias depuis Google Maps,Local Guide Â· 59 avis,il y a un an,5,"Quatre amis mangeaient ici et une fille nommÃ©e Sonia nous a servi. DÃ¨s le premier instant avec le sourire et mÃªme s'il y avait une cliente qui la traitait mal devant nous, elle a continuÃ© Ã  nous servir avec le sourire.",,DÃ©jeuner,40â€“50 â‚¬,,,,
Yoansy Perez depuis Google Maps,6 avis Â· 2 photos,il y a un an,5,"TrÃ¨s bon service, la serveuse Ã©tait super sympa et la saveur et la prÃ©paration de la pizza Ã©taient parfaites, le temps pourrait s'amÃ©liorer un peu, mais tout le reste Ã©tait super bon, tout Ã©tait super sympa, bonne ambiance en plus.",,,,,,,
SerDmm depuis Google Maps,Local Guide Â· 57 avis,il y a un an,5,"Je donne â­â­â­â­â­pour le personnel qui prend les commandes et prÃ©pare leur pizza. Local avec climatisation, propretÃ©, tables, fauteuils et toilettes. Sans aucun doute recommandÃ©.",Repas sur place,DÃ®ner,10â€“20 â‚¬,5,5,5,"Pizza Mediana, Rolling Pepperoni Y Carbonara, Pan de Ajo"
yattin roa depuis Google Maps,9 avis,il y a 2 ans,5,La pizza est trÃ¨s dÃ©licieuse. J'aurais aimÃ© qu'il y en ait plus car c'est un peu loin de moi mais c'est super le service pourrait Ãªtre meilleur car Ã  chaque fois que nous y allons nous ne voyons qu'une seule fille en charge de tout et les deux autres avec les tÃ©lÃ©phones. pourrait amÃ©liorer cela.,,,,,,,
Andrea Ãlvarez RodrÃ­guez depuis Google Maps,5 avis,il y a 2 ans,2,"Cette pizzeria nâ€™est plus ce quâ€™elle Ã©tait.
Je ne sais pas si c'Ã©tait Ã  cause de la rÃ©duction des coÃ»ts ou de la paresse, mais la pizza Ã©tait insipide et la pÃ¢te congelÃ©e et de mauvaise qualitÃ©. C'Ã©tait dur et toujours en forme de moule...
Mais ce qui m'a le plus dÃ©Ã§u, c'est le pain Ã  l'ail, soit ils ont changÃ© la recette, soit ils nous ont servi ce qu'ils voulaient, mais c'Ã©tait un morceau de pain grillÃ© super sec et dur, avec un mini filet d'huile et 0 ail. Avant, il y avait comme du fromage dessus et plus maintenant.
Dommage, j'ai adorÃ© cet endroit mais je ne vais plus payer 20 â‚¬ pour quelque chose que je peux acheter au supermarchÃ©.",Livraison,DÃ©jeuner,10â€“20 â‚¬,,,,
Diana depuis Google Maps,2 avis,il y a un an,5,"Service fantastique et rapide. Un traitement trÃ¨s agrÃ©able.
Nous allons rÃ©pÃ©ter !!!
Nous sommes enfin revenus Ã  nos origines en retrouvant un Pizza Hut !!",Repas sur place,DÃ®ner,10â€“20 â‚¬,,,,
juan carlos perdiguero depuis Google Maps,Local Guide Â· 41 avis Â· 22 photos,il y a 3 ans,1,"La pizza a tout pour plaire. PÃ¢te grasse et moelleuse et Ã  l'extÃ©rieur elle a un goÃ»t de brÃ»lÃ©, des ingrÃ©dients qui ne me ressemblent Ã  rien, le fromage ressemble Ã  du plÃ¢tre, c'est peut-Ãªtre la pire pizza en chaÃ®ne que j'ai jamais vue. essayÃ©.

Le service est lent comme une tortue et en plus je commande les pizzas sans certain ingrÃ©dient et voilÃ  ! l'ingrÃ©dient bien emballÃ© Ã  l'intÃ©rieur, je ne sais pas comment tu peux Ãªtre si incompÃ©tent pour faire quelque chose d'aussi simple.

Le prix est absurdement cher pour la qualitÃ© qu'elle offre, n'importe quelle pizzeria est plus compÃ©titive dans cet aspect et offre une qualitÃ© bien supÃ©rieure.

Quoi qu'il en soit..... Un et rien de plus, je ne sais pas comment cette chaÃ®ne tient encore.",,,,,,,
Absalon Carmona depuis Google Maps,2 avis,il y a 9 mois,5,"De superbes pizzas et la fille qui nous sert Sonia est spectaculaire, fortement recommandÃ©e !!!!",,DÃ®ner,1â€“10 â‚¬,5,5,5,Barbacoa
Nano Muguiro depuis Google Maps,6 avis Â· 2 photos,il y a un an,5,Toujours super sympa et les pizzas sont excellentes. Ce n'est ni la premiÃ¨re ni la derniÃ¨re fois que j'y vais,,,,5,5,,
Rosa R. Cornelio depuis Google Maps,Local Guide Â· 79 avis Â· 71 photos,il y a 2 mois,5,Les pizzas ici ne dÃ©Ã§oivent jamais.,Repas sur place,DÃ®ner,10â€“20 â‚¬,5,5,5,"Pizza Mediana, Con la Masa, Pizza Individual"
Juanma Melgar depuis Google Maps,Local Guide Â· 25 avis Â· 2 photos,il y a un mois,5,Soyez un excellent vice,,,,5,5,5,
Fernando Uber depuis Google Maps,Local Guide Â· 6 avis Â· 2 photos,il y a un an,5,"C'est la premiÃ¨re fois que je viens et ils m'ont trÃ¨s bien traitÃ© et les pizzas Ã©taient avant l'heure indiquÃ©e. Ils ont Ã©galement recommandÃ© Cheest Pull-Aparts, ce qui semble Ãªtre une bonne chose.",,,,,,,
Andrea OrdoÃ±ez Ojeda depuis Google Maps,7 avis,il y a un an,1,"J'ai demandÃ© votre candidature Ã  plusieurs reprises et il a fallu beaucoup de temps pour la remettre Ã  plusieurs reprises, cela ne me pose aucun problÃ¨me.
Le problÃ¨me c'est quand Ã§a met du temps et qu'il arrive froid et brÃ»lÃ© sur tous les bords, le laissant noir comme ce qui m'est arrivÃ© aujourd'hui.
Nous comprenons quâ€™il y a des jours difficiles, mais ces choses ne devraient pas arriver.",,,,,,,
Aurora Mat depuis Google Maps,1 avis,il y a 2 ans,1,"J'ai commandÃ© une pizza pour Moratalaz, qui est Ã  5 minutes en moto et j'attends depuis plus d'une heure et rien. Bien sÃ»r, j'ai appelÃ© le magasin 17 fois et ils ne rÃ©pondent pas. Malheureusement, il est normal qu'ils disparaissent ğŸ¤¬ â€¦",,,,,,,
RaÃºl BenÃ­tez depuis Google Maps,Local Guide Â· 9 avis Â· 1 photo,il y a 3 ans,1,"Nous passons commande pour quatre personnes pour manger en terrasse Ã  21h57 (avant dix heures, derniÃ¨re heure pour servir)
Et l'employÃ© s'entÃªte Ã  nous servir uniquement Ã  emporter et Ã  emporter.
Bien qu'il insiste sur le fait que nous soyons Ã  l'heure, il rend l'argent et nous invite Ã  partir avec de trÃ¨s mauvaises maniÃ¨res.
Je ne reviendrai certainement pas",,,,,,,
Irene JimÃ©nez depuis Google Maps,Local Guide Â· 23 avis Â· 32 photos,il y a 11 mois,5,Excellente attention. Des pizzas toujours aussi dÃ©licieuses,,DÃ®ner,1â€“10 â‚¬,5,5,5,Barbacoa
Bilsabeth Hermoso depuis Google Maps,Local Guide Â· 105 avis Â· 3 photos,il y a un an,5,Pizza Hut ne dÃ©Ã§oit pas mais celui-ci avait quelque chose de spÃ©cial et l'excellent service de la personne qui nous a servi. Merci beaucoup.,,,,5,5,5,
Carmen Velasco depuis Google Maps,8 avis,il y a 9 mois,5,"Le traitement de la serveuse nommÃ©e Sonia Ã©tait incroyable, une personne formidable, un exemple de travailleuse qui m'a traitÃ© Ã  merveille.",Repas sur place,DÃ®ner,20â€“30 â‚¬,,5,,
Yenisser depuis Google Maps,10 avis Â· 1 photo,il y a 9 mois,5,"Excellente attention
TrÃ¨s agrÃ©able!!. Nous recommandons les 3X1 carbonara, kebab, pepperoni !!",,DÃ®ner,20â€“30 â‚¬,5,5,5,"Rolling Pepperoni Y Carbonara, Queso, Barbacoa"
Jason Ospina depuis Google Maps,Local Guide Â· 145 avis Â· 109 photos,il y a un an,5,"La vÃ©ritÃ© est trÃ¨s bonne, c'est aussi l'un des rares restaurants Pissa Hut que j'ai prÃ¨s de chez moi, et je ne le changerais pour rien au monde, c'est pourquoi mes 5 Ã©toiles, si je pouvais je lui donnerais plus d'Ã©toiles, ceci super mÃ©gaplay",,,,,,,
Titoconchas _69 depuis Google Maps,6 avis,il y a 7 mois,5,Le four de cet endroit est aussi chaud que la cuisine d'un Autrichien du siÃ¨cle dernier.,,,,5,5,5,
jonathan barillas depuis Google Maps,3 avis,il y a un an,5,"Excellent service et pizzas, comme toujours, trÃ¨s bonnes !!! ğŸ˜Š",Ã€ emporter,DÃ®ner,20â€“30 â‚¬,,,,
Alfonso Madrid depuis Google Maps,32 avis Â· 2 photos,il y a un an,5,TrÃ¨s bonne pizza et meilleur service. TrÃ¨s sympathique.,,Autre,10â€“20 â‚¬,5,5,5,"Pizza Mediana, De Queso"
Fernanda TituaÃ±a depuis Google Maps,Local Guide Â· 47 avis Â· 61 photos,il y a un an,5,"En gÃ©nÃ©ral je n'aime pas trop la pizza, mais Pizza Hut est et sera l'une des pizzas que j'aime le plus, j'aime la variÃ©tÃ© et surtout la pÃ¢te Ã  rouler",,,,5,5,5,
Conchi MS depuis Google Maps,6 avis,il y a un an,5,"Service excellent et rapide, la caissiÃ¨re est trÃ¨s attentive aux clients rÃ©guliers, elle a toujours un dÃ©tail avec nous. Un plaisir Ã  chaque fois que nous y allons.",,,,5,5,5,
Juan Carlos Hernandez Barreno depuis Google Maps,Local Guide Â· 80 avis,il y a 10 mois,4,"J'ai vraiment aimÃ©, surtout qu'ils ont rempli ce qu'ils proposaient dans l'offre que j'avais demandÃ©e.",,,1â€“10 â‚¬,4,5,3,Barbacoa
Rafael Madruga leon depuis Google Maps,Local Guide Â· 41 avis,il y a 2 ans,4,"Les pizzas sont trÃ¨s bonnes et bien prÃ©parÃ©es, le personnel est comme dans presque tous les endroits de nos jours et le lieu est agrÃ©able mais un peu petit.",,,,5,4,4,
kaaatii Paz depuis Google Maps,2 avis,il y a un an,5,"Bel endroit pour manger, la nourriture est dÃ©licieuse et en quantitÃ©, et le service est super, la vendeuse Sonia, un dÃ©lice ! Nous reviendrons certainement ğŸ«¶ğŸ»",Repas sur place,DÃ©jeuner,1â€“10 â‚¬,5,5,5,"Rolling Barbacoa, Fingers de Queso, De Queso, Rolling Pepperoni Y Carbonara, Pan de Ajo, Patatas, Pizza Individual, 2 Pizzas Medianas"
Liviu Aghiuta depuis Google Maps,7 avis,il y a 5 ans,3,"Passer une commande Ã  emporter pendant une heure est une mission impossible. Je leur ai dit que je le voulais dans un moment, ils m'ont appelÃ© dÃ¨s que j'ai passÃ© la commande et je dois leur rÃ©pÃ©ter que je n'en veux pas pour l'instant, mais dans un moment. Le livreur m'appelle dans 20 minutes pour me dire qu'il est en bas alors que j'ai dit que j'allais le chercher. C'est quelque chose qui m'est arrivÃ© plus d'une fois mais bon les pizzas sont bonnes",,,,,,,
Manuel Ruenes Rol depuis Google Maps,15 avis,il y a un an,5,"Service trÃ¨s sympathique, Sonia nous a aidÃ© et a rendu la commande trÃ¨s facile pour nous. La nourriture Ã©tait Ã©videmment dÃ©licieuse.",,DÃ®ner,10â€“20 â‚¬,5,5,5,"Pizza Mediana, Pan de Ajo"
Patry OrdÃ³Ã±ez depuis Google Maps,23 avis Â· 1 photo,il y a un an,5,"Excellent traitement, la fille qui nous a aidÃ© (Sonia) Ã©tait super gentille et nous a proposÃ© des offres pour que nous puissions obtenir un meilleur prix. Site propre.",,DÃ®ner,10â€“20 â‚¬,,,,
Maria jesus Serrano de la torre depuis Google Maps,6 avis,il y a un an,1,"La femme blonde plus Ã¢gÃ©e Ã©tait un peu grossiÃ¨re et la nourriture insipide Ã©tait totalement insipide, cela ressemblait Ã  du plastique, nous avons gaspillÃ© de l'argent, maintenant je comprends pourquoi Pizza Hut est en faillite, dÃ©solÃ© :(",Repas sur place,DÃ®ner,50â€“60 â‚¬,,,,
Borislav Ventzislavov Toulachki depuis Google Maps,Local Guide Â· 13 avis Â· 5 photos,il y a un an,5,"Comme toujours la meilleure pizza de tous les temps, dÃ©licieuse !!! Et les gens qui nous ont servi, super attentionnÃ©s et sympathiques !! Je prÃ©vois de rÃ©pÃ©ter bientÃ´t !!",Repas sur place,DÃ®ner,1â€“10 â‚¬,,,,
Lydia Garcia depuis Google Maps,16 avis,il y a 2 ans,1,La commande est arrivÃ©e avec une heure et demie de retard. Nous avons demandÃ© par tÃ©lÃ©phone et le service Ã©tait horrible. Cela nous est arrivÃ© deux fois et ils prÃ©textent toujours un problÃ¨me avec le systÃ¨me. je ne commanderai plus,Livraison,DÃ®ner,10â€“20 â‚¬,,,,
Marco depuis Google Maps,3 avis,il y a 11 ans,5,"TrÃ¨s bon endroit, pour le bon goÃ»t des pizzas non italiennes, mais trÃ¨s bon pour un cuisinier Ã©tranger ! trÃ¨s nombreuses sortes de pizzas, idÃ©ales pour un dÃ©jeuner entre collÃ¨gues ou en famille. J'aime le service rapide Ã  emporter! J'aime partager une pizza avec mes amis. TrÃ¨s goÃ»t pour Margherita. C'est bien que vous ne payiez que pour 1 verre et que vous puissiez ensuite le remplir Ã  chaque fois que vous le souhaitez !",,,,,,,
Nicolle EcheverrÃ­a depuis Google Maps,3 avis,il y a un an,5,"TrÃ¨s bon service, super attentionnÃ©, la caissiÃ¨re, super, avec le personnel, trÃ¨s gentil et sympathique.... TrÃ¨s sympa, tout ce que je leur donne 100/100, j'y retournerai toujours â™¾ï¸",Repas sur place,DÃ®ner,30â€“40 â‚¬,5,5,5,"Rolling Barbacoa, Pizza Mediana, Refrescos, De Queso, Rolling Pepperoni Y Carbonara, Pan de Ajo, Patatas, DentrÃ­simo Pepperoni, 2 Pizzas, Barbacoa, Pizza Individual, 2 Pizzas Medianas"
Nutri Entrena depuis Google Maps,7 avis,il y a 5 ans,1,Nous en avons commandÃ© trois moyens : ce qui semblait Ãªtre une blague en raison du manque d'ingrÃ©dients. Un service client Ã©pouvantable et les pizzas savoureuses n'Ã©taient mÃªme pas Ã  la hauteur de celles d'un supermarchÃ©. Premier et dernier.,,,,,,,
numancia1051 depuis Google Maps,4 avis,il y a 4 mois,5,Des employÃ©s imbattables et super sympas ğŸ˜‰,Ã€ emporter,DÃ®ner,20â€“30 â‚¬,5,5,5,"De Queso, Queso"
SARA ALONSO MOLINA depuis Google Maps,4 avis,il y a un an,5,Super expÃ©rience et nourriture toujours au rendez-vous. Excellent traitement reÃ§u par Sonia et le reste de ses collÃ¨gues.,,,,,,,
Andres depuis Google Maps,2 avis,il y a un an,5,"TrÃ¨s bon service, les pizzas sont les meilleures et on attend Ã  peine.
TRÃˆS RECOMMANDABLE",Repas sur place,DÃ©jeuner,1â€“10 â‚¬,5,5,5,2 Pizzas Medianas
Estefania Caicedo depuis Google Maps,12 avis,il y a un an,5,"La pizza est magnifique !! C'est le meilleur de Madrid, le rapport qualitÃ©/prix est trÃ¨s bon",,,,,,,
leandro perez depuis Google Maps,4 avis Â· 2 photos,il y a un an,5,"La magnifique attention de la caissiÃ¨re et du reste du personnel, j'adore Ã§a, j'y retournerai toujours",,,,5,5,5,
Sergio SantillÃ¡n depuis Google Maps,2 avis,il y a un an,5,Il propose de bonnes pizzas sans gluten et les serveurs sont trÃ¨s gentils.,,,,5,5,5,
IvÃ¡n J. PÃ©rez Colado (â€œSynpherosâ€) depuis Google Maps,Local Guide Â· 140 avis Â· 4 photos,il y a 11 ans,3,"J'adorais Pizza Hut Ã  l'Ã©poque. Ce nâ€™Ã©tait jamais la mÃªme chose que manger une pizza Ã  la tÃ©lÃ©vision, mais câ€™Ã©tait quand mÃªme une pizza exquise. AprÃ¨s la division qui a laissÃ© peu de Pizza Huts et beaucoup de Dominos (car, pour ceux qui ne le savent pas, c'Ã©tait auparavant la mÃªme chaÃ®ne), Pizza Hut est celle qui s'est retrouvÃ©e dans la pire position. Mais ils sont toujours trÃ¨s bons.",,,,,,,
